text,label,pred_correct_at_words
didnt feel humili,sadness,3.0
go feel hopeless damn hope around someon care awak,sadness,3.0
im grab minut post feel greedi wrong,anger,1.0
ever feel nostalg fireplac know still properti,love,3.0
feel grouchi,anger,2.0
ive feel littl burden late wasnt sure,sadness,1.0
ive take milligram time recommend amount ive fallen asleep lot faster also feel like funni,surprise,15.0
feel confus life teenag jade year old man,fear,4.0
petrona year feel petrona perform well made huge profit,joy,2.0
feel romant,love,2.0
feel like make suffer see mean someth,sadness,4.0
feel run divin experi expect type spiritu encount,joy,1.0
think easiest time year feel dissatisfi,anger,4.0
feel low energi thirsti,sadness,2.0
immens sympathi gener point possibl proto writer tri find time write corner life sign agent let alon publish contract feel littl preciou,joy,5.0
feel reassur anxieti side,joy,1.0
didnt realli feel embarrass,sadness,4.0
feel pretti pathet time,sadness,3.0
start feel sentiment doll child began collect vintag barbi doll sixti,sadness,3.0
feel compromis skeptic valu everi unit work put,fear,3.0
feel irrit reject without anyon anyth say anyth,anger,2.0
feel complet overwhelm two strategi help feel ground pour heart journal form letter god end list five thing grate,fear,3.0
feel amus delight,joy,1.0
abl help chai lifelin support encourag great feel glad abl help,joy,1.0
alreadi feel like fuck though dont usual eat morn,anger,4.0
still love wish best longer toler effect bm live fact turn bitter angri person alway particularli kind peopl around feel stress,sadness,13.0
feel inhibit someon els kitchen like im paint someon els pictur,sadness,2.0
becom overwhelm feel defeat,sadness,4.0
feel kinda appal feel like need explain wide lenghth bodi measur etc pp,anger,3.0
feel superior dead chicken griev child,joy,1.0
get giddi feel eleg perfectli fit pencil skirt,joy,1.0
rememb feel acut distress day,fear,4.0
seen heard read past coupl day left feel impress compani,surprise,9.0
climb hill feel frustrat id pretti much pace entir wrong cours factor never ever hamper made dent day,anger,2.0
imagin real life scenario would emot connect enough someon feel total accept safe moral accept close prolong physic contact sex expect subsequ,joy,13.0
sure would make feel content anyth,joy,1.0
feel need creativ,joy,1.0
howev want know someth someon caus feel less splendid self step away,joy,1.0
feel bit rude write elderli gentleman ask gift feel bit greedi christma mild greed,anger,3.0
need need someon need protect feel safe small find season word,joy,7.0
plan share everyday life stori travel adventur inspir handmad creation hope also feel inspir,joy,1.0
alreadi christma tree got two feel festiv sure spur get start book,joy,1.0
ive worn littl conceal day im feel brave dont want pale perfect,joy,8.0
feel strongli passion jerk decid poke make fun us,joy,1.0
feel discourag alreadi rob peter pay paul get cow year cant afford get cow way,sadness,2.0
feel listless need new thing someth differ,sadness,2.0
lost special mind worri still sane want feel felt read book know mani time said sam special guarante mani time use paragraph tell special,joy,2.0
let go sad feel want accept first home mine,love,
boat trip denmark,joy,1.0
stop feel cold began feel hot,anger,1.0
need feel dough make sure perfect,joy,2.0
found feel littl discourag morn,sadness,4.0
feel selfish spoil,anger,2.0
stymi littl bit wrote feel unsur might go somewher stori unintend,fear,6.0
bag qaf look cryin jacynth lookin good feelin gorgeou rupaul skin scissor sister valentin sun fed kayl daddi gerl awak unkind u,joy,9.0
feel know basic like fake realm scienc fiction,sadness,5.0
hate live dad roof give excus asshol he provid live think feel need make feel unwelcom possibl ill leav,sadness,16.0
keep feel pleasantli surpris support also eas new situat,surprise,
feel anymor vigor sexual activ come ye misspelt cum day part begin fall,joy,1.0
feel mom grace warm love smile rob time nurtur heal,joy,1.0
feel talk brother law extrem popular one think stiff,joy,1.0
ate could feel gentl tingl throughout almost feel heal take place cellular level,love,4.0
feel like pressur young beauti thin depend trend girl rejuven butt implant,fear,3.0
began sever time week feel tortur hallucin move peopl figur sound vibrat,fear,8.0
nearli finish week detox feel amaz,surprise,6.0
feel selfish read back former post never ask prayer other never consid may other deserv prayer answer,anger,2.0
know pain parent feel enrag child becom violent,anger,3.0
roller coaster emot suppos feel someth unpleas come,sadness,3.0
suppos truth need share havent feel faith late ive dwell doubt uncertainti faith,love,10.0
feel brave bought clearli makeup,joy,1.0
feel miser c also proudest mum earth,sadness,2.0
figur famili love us matter around anyon els feel embarrass michel goe ballist,sadness,10.0
necessarili think f bomb sex necessari stori feel reassur see print journal,joy,1.0
feel ovari ach talk like put,sadness,3.0
feel like much chri mostli took mani pictur unimport stuff,sadness,9.0
im tire book readi find given unsuit imag feel blame result sit well,sadness,2.0
success manag stretch mxm canva feel achiev worthwhil usag money time use canva futur brief,joy,1.0
think feel one nay import thing,joy,1.0
feel complet honor influenc young talent fulli aliv beauti girl woman,joy,1.0
feel anger firey,anger,2.0
feel like miser piec garbag,sadness,3.0
feel like need make list leann would appal thought dont miss anyth,anger,8.0
drove dannika school feel littl bit rush greet turn corner,anger,3.0
rememb feel hellip furiou shooter,anger,2.0
feel happi excit sinc learn mani thing,joy,1.0
feel show around show hors peopl trust relax show hors safe quiet handl frequent,joy,1.0
coupl thing left make start decemb done feel smug,joy,8.0
think u could make feel realiz everyth ok,joy,1.0
feel worthless time struggl find work,sadness,2.0
abl lay bed dark feel terrifi least,fear,6.0
readi meet mom airport feel ever support arm around,love,4.0
im feel bitter today mood strang entir day guess,anger,1.0
mum brother pass away involv car accid bring present pass form five exam fli colour,sadness,1.0
let go animos toward anyon feel wrong,anger,7.0
talk dog feel cannot understand word read emot know support decid go home,love,13.0
feel like throw away shitti piec shit paper,sadness,5.0
im start feel wryli amus banal comedi error life turn,joy,
find everi bodi beauti want peopl feel vital bodi,joy,8.0
hear owner feel victim associ associ attorney properti manag,sadness,1.0
say goodby fam theyr sad cri feel like heartless bitch hey im pretti excit fli first time know also spend year anoth countri,anger,1.0
wont let child cri feel love lili littl go opportun last short month,love,6.0
alba feel good im fit,joy,2.0
feel excit im feel like ton catch,joy,1.0
also know good feel look back see honor word help start,joy,1.0
mean realli realli hard work obtain high technic skill wushu feel kinda asham somehow motiv saw kid wushu perform whole heartedli despit tired,sadness,1.0
feel like thing get littl overwhelm spritz toner realli help calm sooth,joy,1.0
hope realiz littl effort requir make person feel better situat whether famili member colleg high school friend neighbor street even complet stranger,joy,5.0
feel festiv today even go put tree soon finish catch week go on coron street,joy,1.0
find ill serious,joy,3.0
alright class combin feel unsuccess man handl stress late horribl week result almost cri finish grappl,sadness,1.0
feel rare advanc worthwhil caus alway stick rule post anyth onlin wouldnt prepar say somebodi face,joy,1.0
feel use,joy,1.0
feel like pain cannot imagin becom passion group idea caus pain,love,7.0
feel ugli inclin wear ratti jean sweatshirt beauti dress though might still wear pair heel around hous boost self esteem ever slightli definit bother buy new pair,sadness,2.0
im feel homesick yet im feel alright,sadness,3.0
danc feel pretti,joy,1.0
workout everi morn feel fabul,joy,4.0
feel eye touch word eye know assuredli return love know shall vain,sadness,12.0
feel fabul friday morn start get aw cramp work,joy,1.0
feel honour abl call friend share brotherhood,joy,1.0
begun feel apprehens thick black rain cloud storm sky town,fear,
state reason feel fear feel unsaf,fear,4.0
feel like get shaken tsa quit yet pull side creativ croissant lunch,fear,4.0
get group feel realli awkward overcompens talk get realli quiet,sadness,5.0
excit final meet companion companion time especi lone lone companion never disappoint companion put arm around make feel love,love,4.0
feel pretti safe blog img src http,joy,1.0
feel pretti eager get done fun plan quilt,joy,1.0
feel horni ask let go home,love,2.0
think poem put pressur feel uncomfort sens feel feel understand understand love abl love,fear,4.0
feel stranger strang land rais son place father ancestr home,surprise,6.0
left shower question feel gorgeou fantast bodi confid movement effortlessli grace,joy,5.0
feel energet bounci happi go gym run around outsid kid take pram long walk often three one day,joy,1.0
still feel strong,joy,2.0
burst tear devast releas feel thought seem know rich also go space without dump,joy,2.0
want get pumpkin spice latt morn hot last thing want hot coffe mayb feel littl bitter,anger,10.0
suppos feel badli bit skeptic pain last month she hyperchondria exagger habit past though never openli question,fear,3.0
clench corner bed feel assur,joy,5.0
also feel like selfish grate life amaz thing,anger,4.0
call god seen god book figur god right name feel utterli affirm accept without question,love,10.0
know perhap girl offic nice short hair perhap feel rebelli,anger,10.0
feel miser famili type celebr eid,sadness,2.0
might go get car wash feel realli gener car need,joy,1.0
still feel sleep depriv almost sleep night give us,sadness,3.0
feel realli violent right,anger,3.0
bloge sit feel content dog amp cat etc know lucki truth,joy,3.0
start feel funni friday woke sick dog,surprise,3.0
feel need protect parent witch hunt repress memori therapi,sadness,
feel disgust even associ woman race nation,anger,2.0
laugh bitterli wasnt feel bitter,anger,5.0
know feel thought wish could us us knew howev much hate first experi would rememb forev,sadness,1.0
feel quit mellow want soft easi look wear begin cold,joy,1.0
told mayb need time think ive feel indecis thing late,fear,
still feel genr disservic stori resolv artif,joy,2.0
alway know feel artist write name artist mood manitz draw circl dot bigger dot artist feel line like accent mark spanish im piss,joy,3.0
rememb feel realli terrifi brazil bu go steep mountain hill side mountain middl big storm wonder go fall,fear,4.0
could feel whimper thought unlov uncar,sadness,5.0
im certainli go sit tell what go person life feel ever curiou what go life youd watch show,surprise,12.0
im sorri wasnt humor post im feel funni,surprise,8.0
feel ive got foot door fantast world walk run trail fell mountain,joy,1.0
say whatev come mind tell directli feel jealou girl insecur love person trust worthi friend sweet one love,anger,1.0
feel strang come back work one day holiday,fear,2.0
im clearli influenc dash happi emili dickinson exampl use dash instead colon semi colon enhanc feel rush enjamb sonnet,anger,1.0
fatter thing life remain control whether get eat peanut butter bread get home imposs day first world look yet third world feel hell needi neglect littl girl,sadness,3.0
could claim redeem genr leav feel entir frustrat point beat head wall either,anger,1.0
feel sad hopeless,sadness,2.0
im get feel class littl intimid concept lit,fear,6.0
still feel groggi get routin son,sadness,3.0
feel view isnt go popular that fine,joy,1.0
want hold feel shock awe wonder forev,surprise,4.0
heard rumour st year exam result fear might one failur,fear,3.0
want feel valu appreci know peopl love arent go anywher even natur relationship chang,joy,1.0
know day feel distract,anger,4.0
use regularli relax music alway feel invigor afterward,joy,1.0
im feel distract tend practic eye shut much possibl,anger,1.0
feel like perfect w see youtub influenc even know trend,joy,1.0
specif want tango feel shi mak quit opposit hard get far enough away get good pic lol,fear,2.0
also feel weird sleep bed two slept,fear,7.0
wish okay think earlier today here thing coop amp restless made feel needi,sadness,2.0
ive lost weight could fit tini skirt ive unabl wear didnt feel confid,joy,5.0
hope feel bit creativ soon miss presenc life blog,joy,2.0
fan current presid conserv made feel unwelcom,sadness,4.0
enclos vers could weigh much think feel curiou hear odd coupl,surprise,8.0
begin feel complac life,joy,1.0
feel vulner alon,fear,2.0
rememb feel inspir think fine exampl parent,joy,1.0
feel like alway one get punish stupid thing feel like chastis behav,sadness,3.0
realli feel life perfect right isnt much ask hope everyth would stay,joy,3.0
im simpli feel content,joy,2.0
im say cut everyon life feel import find comfort solitud medit work project alon,joy,3.0
think im stupid feel nervou,fear,5.0
feel honor,joy,1.0
feel act god work life amaz feel,surprise,6.0
feel im like bird fli air carefre manner,joy,1.0
revis repli mind make sure repli sound appropri enough person receiv repli feel offend,anger,1.0
felt sad friend mine die felt someth irrevoc gone away,sadness,4.0
die would alex matt feel regret come visit,sadness,1.0
feel educ famili support educationg mama papa key,joy,1.0
im sure lost feel like everyon hostil toward hate feel,anger,1.0
feel like bore sew make sinc easi noth els say fabric usag,sadness,3.0
alway like use origin fragranc freshen lightli scent underwear drawer feel gorgeous glamor girli,joy,3.0
feel like talent young man feel talent work,joy,1.0
feel curiou thing around,surprise,2.0
feel reason apart other live im help becom someth push succeed success happi,joy,1.0
feel uncomfort guess,fear,2.0
feel pretti mellow far whatev heal wound process may get underway,joy,1.0
wonder sometim whether ad antagon misunderstand mani peopl toward us feel reluct wholeheartedli support tradit armistic day remembr,fear,12.0
leg would feel shitti mile would come around like alway,sadness,4.0
know unfair reaction run way explain feel shaken best come right,fear,8.0
serious feel bless support home amaz,love,4.0
feel abus malign mostli tire nervou feel anticip danger,sadness,
feel pretti restless right type,fear,3.0
know gosman touristi place go montauk area infrequ visitor area want head harbor feel gentl caw seagul lap water wood pile relax breez come water,love,15.0
admit hilari e card serious exactli feel stress feel moment could start hy,sadness,1.0
wrote last year feel dull inarticul normal,sadness,5.0
id kick gear feel irrit motiv ever,anger,2.0
feel child innoc feel illustr,joy,1.0
satisfact feel longer support contribut looter driven consumer made walk corps america rever younger,love,4.0
start feel resent,anger,3.0
spend vacat oblig headach feel like emot blackmail three place,sadness,7.0
feel herp come would surpris point make checkup clinic wednesday,surprise,
feel fuck like everyday life,anger,2.0
ive work realli hard year tri make child class feel like valu,joy,4.0
feel dishearten word late,sadness,2.0
feel like bitchi time upon retrospect think tri shake,anger,3.0
still second guess still terribl time make definit decis certain truth know feel assur truth,joy,11.0
feel like egg benedict someth equal delici,joy,1.0
im feel way trust,joy,2.0
im feel inspir summeri element favorit past time beach bummin,joy,2.0
feel smile love even gorgeou,joy,1.0
continu defin discov home mean amsterdam whenev feel pang blank sick line miss cultur mindset american citi life much differ cultur mindset amsterdam,sadness,10.0
make arcad simpl purpos tri make feel absolut comfort physic emot practic absolut,joy,1.0
say feel sympathet,love,3.0
feel eager hop tube ride eye london,joy,1.0
go onlin see friend talk anoth one talk feel ignor feel unlov,sadness,4.0
monitor say anyth ever come across blog feel offend pleas dont stop,anger,1.0
feel like weird cancer one time,surprise,6.0
want feel safe well mayb mayb there small chanc feel joy dream come true,joy,1.0
im feel cranki,anger,1.0
also think puzzl particular administr singl prais abil get student read feel ssr time product use class time,joy,1.0
tri fill befriend peopl knew use didnt care need feel accept even complet loser,love,14.0
feel stress alway,sadness,3.0
rememb feel anoth cramp also ignor,sadness,3.0
hope feel mellow well fed well slept peac within extern world,joy,2.0
also learn take lot effort posit think break tear feel exhaust guilti better mom,sadness,3.0
im feel aw hung friend new babi day,sadness,3.0
feel relax fine,joy,1.0
feel suffer realli feel pain,sadness,2.0
go sleep feel give preciou time someth els life,joy,1.0
feel like neglect belov mom blog,joy,1.0
shalt say co din feel thing wrote hw keen xxx,joy,6.0
feel terrifi like im edg precipic stare ahead,fear,2.0
feel total listless exam come gone whole five month front uni free time,sadness,3.0
feel furiou right life advoc tell live die lobbi support politician sympath view,anger,2.0
feel abus way,sadness,3.0
im still pay attent feel distract,anger,1.0
start third block feel hot cold tingli time know still five hour examin ahead idea would good,love,5.0
im hesit make suggest feel outcom would sincer,joy,8.0
feel terribl fond major precis time,love,3.0
feel gain control damag good aspect person secur,sadness,4.0
bomb first interview left second interview feel pretti fan freak tastic,joy,
think kind taken us long build good inventori sauc oil spice non perish feel like chanc make someth delici without specif go buy everi singl item recip,joy,1.0
feel advis dad whose children soon becom teenag cool pull kid high school pick smelli jalopi plant come window,joy,1.0
feel victim drag countri head sand traditionalist hesit call conserv fear offend real honest god conserv still think world creat year ago stuff like skelet remain kind hoax,sadness,2.0
would feel lucki call materi kit site mine beauti curat,joy,2.0
blood prove reason feel letharg rubbish low iron prescrib iron tablet,sadness,5.0
mind feel like mind danger life,anger,1.0
feel like love everyon least compassion toward other,love,
feel punish neglect,sadness,2.0
feel like doesnt captur beauti love polish,love,3.0
feel like lost main root feel less secur emot financi social,sadness,3.0
feel like bite bullet everi time think feel stress im fulli support decis,sadness,8.0
know obnoxi immatur sound verbal tic voic kind nasal alway come across like sharpest tool shed especi feel awkward know know know,sadness,1.0
id terribl nightmar feel littl disturb,sadness,2.0
didnt want walk pass case custom feel disturb,sadness,8.0
want suffer abl find hope battl help feel alon,sadness,2.0
feel except reluct go school tomorrow even though monday timet pretti good,fear,3.0
festiv feel delici wheeeeee great night,joy,1.0
look forward beaten feel like disappoint husband emot pain,sadness,3.0
im sick feel crappi,sadness,2.0
feel like almost convinc go pattern,joy,1.0
also wear im wear dress make feel slutti feel like antiqu underwear obvious littl bit edgi mayb littl bit littl bit,love,8.0
feel pervers pride self control manag stay order reach tempt human flesh close us,sadness,
feel impati easili annoy outrag blatant defianc seem olivia promin characterist day,anger,2.0
posit giddi kid left morn last offici class year im feel littl sad,sadness,4.0
feel support also cant help feel jealou,love,2.0
mainli like text feel like much clever written word rather spoken,joy,3.0
seriouli feel respect dont privaci order around,joy,2.0
said word devote feel reliev hear titl deen bandhu fallen person becom afraid titl uplift devote consid true devote henc unworthi benefit aspect person,joy,1.0
person feel pain suffer,sadness,3.0
guess would feel like joseph walt trust care mother financ six month die time want defend self god make quiet,joy,3.0
warm start feel littl letharg,sadness,4.0
feel excel sometim there noth especi sinc im realli keen video game anymor watch bit anim movi there got life,joy,1.0
wonder master feel r want eager pleas master could much enjoy attent wrong desir return affect,joy,1.0
im feel littl bit posit thing quit hard first save eaten quickli cost didnt want becom burden boyfriend weve come end im feel brighter inspir thing come,joy,2.0
im feel rather sentiment right say feel lucki max mom,sadness,3.0
make show feel isol crowd ill know wrong anti social feel,sadness,3.0
ive learn turn emot often find feel complet blank mother cri continu suicid,sadness,1.0
feel loyal style,love,2.0
understand may feel youd rather bit vulner homeless london precis way,fear,3.0
final stop feel listless like wast space,sadness,3.0
know im feel agit side effect high dose,fear,3.0
feel shift posit,joy,1.0
feel brave enough,joy,1.0
fear thief,fear,1.0
feel clever nov,joy,1.0
alway spend money mean feel dissatisfi exit store,anger,3.0
im feel realli quit angri,anger,1.0
feel kerri didnt support civil union gay equal,love,4.0
feel realli asham,sadness,3.0
feel amaz peopl life,surprise,2.0
final left feel judg ridicul intellig,joy,6.0
start feel bit insult stranger,anger,4.0
mani day feel hopeless today light end yellow brick road shine littl brighter,sadness,4.0
actual feel sorrow,sadness,3.0
see women wear boot feel enviou want curs,anger,2.0
feel feel tell togeth apolog make keep love bit bit,love,2.0
go say feel impress your naomi klein right,surprise,4.0
began feel sens dull cold black unconsci came,sadness,4.0
suspect feel less fond privat,love,4.0
honour young woman felt comfort enough ask kind faux hawk thing go back must look dykey enough feel safe talk,joy,1.0
wonder cast caveman told perfect part feel insult compliment,anger,8.0
feel convinc plu mani divers price tag feel sure everyon come fund plot light rel econom,joy,1.0
feel empti babi isnt,sadness,2.0
stop feel exhaust href http provokingbeauti,sadness,2.0
im feel font friendli,joy,2.0
hand bead conscious breath conscious work feel calm list thing accomplish afternoon,joy,8.0
alway feel intimid peopl especi alway compar peopl ever sinc young,fear,3.0
made feel rotten,sadness,2.0
start feel hostil check hemorrhoid,anger,3.0
love wear new shoe feel glamour get pair design shoe love box trim come,joy,4.0
know larg fact feel romant sexual success hidden,love,5.0
love feel someth warmli hug feel preciou small preciou someon someth,joy,3.0
im feel far mellow normal,joy,2.0
becam dismay studi peopl wear start feel like though outfit gorgeou bought way,joy,11.0
dont want wax draw anyth need unibrow mayb get rid spare hair creep toward eyelid im feel brave,joy,5.0
im feel lucki width li style border px list style outsid margin px px,joy,2.0
recal high school feel long watch olymp runner feel st,love,5.0
woke feel confid watch bodypump dvd gather coach tip compulsori cue,joy,1.0
didnt say strong feel alway make skeptic first,fear,7.0
want talk limit time phone current arrang feel hesit bring,fear,9.0
begin feel there good chanc might pass,joy,1.0
feel like littl control help sweet pea better know ahead,joy,1.0
feel like receiv end violent attack,anger,5.0
feel worthwhil document peopl familiar batch file,joy,1.0
feel especi thank mani small bless life right,joy,1.0
hope weatherman right forecast stay home dont ventur rain tomorrow feel kind creativ,joy,9.0
feel like im edg microcosm one awkward moment miss parti id outsid,sadness,7.0
feel bit funni actual,surprise,3.0
learnt noth els last two year best feel way trust instinct,joy,5.0
feel also blossom eager anxieti,joy,1.0
feel burden share,sadness,2.0
alway want nemo side sleep without feel weird even though doesnt happen often get,surprise,
im feel outfit heel gorgeou,joy,2.0
feel confus,fear,
feel session use gave tool need move forward life,joy,1.0
feel selfish bring loneli child know parent newtown griev lost babi,anger,2.0
took away disappoint feel pain gave heart heal lord one love never betray never lose loyalti even loyal,love,18.0
feel enviou embarrass,anger,2.0
could feel frantic need need make,fear,3.0
feel overwhelm respons teacher someon trust preciou gift honor,surprise,
feel tranquil right great,joy,1.0
feel frustrat new music new lyric clearli noth,anger,2.0
thought go talk tri work thing shock find steve decid want thing broke feel unlov,sadness,13.0
wouldnt bear wit incred well spoken bouncer make emo kid feel complet unwelcom,sadness,13.0
tend stop breath feel stress,sadness,5.0
smoker year quit week ago right finish book cant believ free feel knew quit terrifi life without cigarett,fear,15.0
go mailbox talk mailman groceri clerk etc matter small step limit risk complet total willing experi whatev thought feel sensat emerg import,joy,1.0
alreadi feel frantic,fear,3.0
feel like insecur good thing first start write pictur,joy,1.0
feel compliment insult,anger,2.0
crave fall submiss feel submiss least,sadness,1.0
feel tender fine,love,2.0
feel irrit piss even like someon wake moment edg fall deep slumber,anger,2.0
made work feel littl groggi,sadness,2.0
want love feel like sort hindranc that keep love,love,2.0
feel fond ok second thought realli sensit spell everyth,love,2.0
ill get round quarter im feel hope one,joy,3.0
im start feel unwelcom life peopl alreadi tell,sadness,4.0
feel absolut fantast hope babi,joy,1.0
watch snow fall accumul conif tree shovel shirt sleev feel vigor,joy,3.0
feel bitter honkerblonk gener,anger,2.0
feel father alreadi convinc,joy,1.0
love feel passion live dream gotten tast feel like noth stop,love,1.0
play rain squeal glee feel mud squish toe enjoy pretti much anyth take place outdoor,joy,1.0
feel humor put cold caller hold,joy,1.0
busi stuff never blog thread make feel miser,sadness,8.0
feel energ curiou life god potenti give someth back societi find someon heart,surprise,3.0
feel privileg also lot work,joy,1.0
im pretti happi littl nauseat side feel thrill,joy,3.0
close eye hear piti wail sound cri tast salti tast tear feel anger hurt satur heart,sadness,6.0
bought virtual fat free thousand island feel impress hold larg quantiti substanc leav lettuc cucumb friend total sugar becom burn fat,surprise,8.0
im sure folk virginia florida hand swing state agre feel put upon insult constant barrag,anger,1.0
feel like im put innoc man death row,joy,1.0
sure els help feel smart,joy,1.0
begin feel everi wake moment devot work,love,6.0
feel thank lesson learn,joy,1.0
feel long sad see famili children,love,2.0
feel distinctli call clermont focu littl one seem naughti,love,9.0
hope feel glad gave mani thing includ memori cherish,joy,2.0
feel pretti worthless right,sadness,3.0
feel project clever use enough figur would start share instruct wrote first one weekend,joy,1.0
continu think along line probabl would done dish anger got wed fight feel complet abus,sadness,
didnt feel especi nervou finland land pari littl unsur would ahead us thought st grade student jann suominen,fear,7.0
feel enviou kid certain moment,anger,2.0
feel like pretti crappi mom,sadness,4.0
im feel piss aac feel kind miser frustrat life whole week,anger,1.0
im scare anymor im fine feel terrif surgeri,joy,7.0
still feel vulner around,fear,3.0
honestli sure feel stun,surprise,4.0
feel care person attract care peopl life,love,2.0
im left feel quit embarrass say noth new,sadness,2.0
feel unwelcom place buti cant decid scare anyth ok situat stay dead end situat afraid thing get wors,sadness,2.0
may may cri thank make children feel special love,joy,1.0
realli want go buy yardag art galleri play feel amaz,surprise,10.0
feel like she lose sens self adapt think loyal,love,4.0
feel burden sever love one miss big kid havent seen sinc friday,sadness,2.0
feel still realli low abdomen,sadness,2.0
feel like welcom tight knit famili make sure feel alon ever,joy,1.0
feel doubt,fear,2.0
usual use smaller lego howev year student fine motor delay want student feel success,joy,6.0
get exercis feel like im someth worthwhil meantim,joy,1.0
feel like life rich fulfil know peopl look way live feel misplac piti,joy,1.0
feel bless amaz ye excit,love,3.0
feel hesit talk,fear,2.0
tri get least minut day five day week though known skip workout feel particularli letharg lazi,sadness,10.0
feel beaten sick utterli devoid hope ever life want,sadness,2.0
feel hesit comment want add pileon seem clear involv learn past experi interest appli learn futur project,fear,2.0
feel quit passion communion tremend import person theolog,love,3.0
im feel happi well,joy,2.0
find much time think without feel depress actual abl write imagin without feel trap like miss someth near constant feel citi,sadness,1.0
got feel brig sincer strong desir help other becom success financi also build strengthen relationship christian,joy,4.0
feel like ive fake feel lot often would like,sadness,4.0
feel energet decid go bike rest templ,joy,1.0
im realli like said understand way feel toni ight blame excess merican dream seldom wit never er seen hah hah hah hah hah,sadness,10.0
happpi get good result field academ athlet,joy,2.0
dont know want work alway someth make feel stress anxiou work whatev job may job requir sort rule pressur,sadness,2.0
id pop chair feel like someth worthwhil,joy,1.0
realli hope theyd get far enough ahead us could feel like navig delight punch second control head onto trail wood,joy,5.0
feel like normal would angri that actual think could never beauti size,anger,5.0
wonder mani peopl feel like perspect think sake without want turn result crappi work,sadness,
feel indecis whether feel book huckleberri finn censor,fear,
known like kamiki kun laugh nozomi feel unpleas knot stomach must think fool nonchan,sadness,5.0
made choic start recogn feel unlov kick choos keep persist level allow old reaction shut,sadness,6.0
feel like im hate celebr cant wait till day say made,anger,4.0
still feel funni write like mayb call spirit guid realli observ cheerlead someth,surprise,3.0
would rather feel noth feel surpris find life depress grey unreward,surprise,
feel comfort decis,joy,1.0
get realli sweati episod stomach feel realli funni like free fall,surprise,8.0
feel overwhelm late,fear,2.0
learnt much wonder world beaubronz feel love tan brand fit perfectli latest mantra stolen boudoir lash mother asma docrat,love,7.0
feel rebelli particularli like watch romcom get feel may pretti good write,anger,2.0
didnt feel welcom first enter morri quickli chang left feel happi,joy,2.0
im contempl feel skeptic,fear,4.0
ive becom anxiou recent time certainli feel amongst peopl belief sieg often disadvantag look consid way differ faith make less worthi regard said,sadness,1.0
feel like care im bit heartless,anger,6.0
hate chemo thought toxin wash everi singl cell make feel horribl make cring,sadness,2.0
feel honour host seri talent,joy,1.0
love feel threaten around littl,fear,3.0
feel read allthingsbuck blog brought tear eye lump throat feel worthwhil thing upset shouldnt write lame blog,joy,1.0
feel determin didnt take long start nom naughti stuff,joy,1.0
feel honor mani wonder artist display work public see,joy,1.0
rememb fulli stress fun feel could live,joy,1.0
feel daze href http twitter,surprise,2.0
feel bitchi hurt,anger,2.0
alway feel like ive assault pic,sadness,1.0
im thank everyth seem work wrap week new job also feel pretti lucki peopl live,joy,2.0
feel incred isol lone,sadness,3.0
feel selfish talk anyon els thyroid want think dramat whini realli hard understand ye someon look fine still feel terribl,anger,2.0
blood test yesterday perhap im feel particularli fond right doctor needl insid time spent dizzi head non meat eat nineteen year old femal,love,8.0
admit worri feel isol work cubicl pretti much unless someon need,sadness,1.0
im feel like life fairli sweet,love,3.0
go clean slate unilater forgiv feel wrong someon love intent careless therebi time forget perceiv insult abus,anger,7.0
feel like year teach get passion job find love kid want tri even harder,love,6.0
im one peopl buri feel anger second give sweet smile even pain anger,love,7.0
knew holi spirit work plu feel divin gooooood way like massag reassur,joy,2.0
feel though ive reach point career im highli respect,joy,1.0
make light sometim feel realli awkward small group one one convers,sadness,6.0
ive lot good day feel fabul lot energi late ive also bad day feel gigant slow clumsi,joy,5.0
also feel like googl hate seo know,sadness,4.0
didnt get wink sleep night continu feel fabul next morn,joy,2.0
feel like feel mistak time fuck sleep take,anger,4.0
love slide nice big throb cock feel gorgeou bodi man,joy,8.0
found novel posit feel bit uncertain stock market ralli,fear,6.0
feel like judg want seem like needi girl know,sadness,7.0
im definit feel festiv,joy,2.0
feel burden presenc,sadness,2.0
still feel littl daze sort disbeliev feel oh god,surprise,4.0
feel super excit week seem fli get closer closer due date,joy,1.0
turn page feel like way get back irresponc year carefre colleg,joy,1.0
favourit choic book dvd us uk im feel gener limit someth like,love,9.0
feel energet aliv happier long time,joy,1.0
feel realli pathet confront,sadness,3.0
feel danger game activ,anger,2.0
feel world class player benzema mould would fantast,joy,1.0
feel terribl burden impend anxieti tri keep eye prize,sadness,2.0
feel could unpleas layer love heal forgiv expect thing turn well,sadness,4.0
im feel gloomi complet noth though im suppos complet mani thing,sadness,3.0
work amount would like feel like lifestyl chang success far,joy,2.0
love porn industri feel satisfi fulfil work say realli bring big buck,joy,5.0
overhear victori tune geek rington feel triumphant,joy,7.0
love children literatur author feel need dumb thing kid,sadness,2.0
soo quiet mixtur sleep well feel bit isol big group,sadness,8.0
feel greedi money hungri absolut,anger,2.0
feel fuck want shut,anger,2.0
feel passion certain topic love back posit actual knowledg fact instead reli sole opinion,joy,1.0
feel like today way suffer exam day open book everytim went home,sadness,3.0
feel surpris make,surprise,
woke morn hike feel jubil,joy,1.0
feel like littl kid whose mom proud touch soccer ball game,joy,1.0
feel miser insid outsid like,sadness,2.0
must find way accept limit older without feel held back resent,anger,7.0
feel incred charm peopl life excit amaz chapter thing,joy,1.0
feel wrong judg peopl make time howev also found actual life need respons action peopl around us,anger,2.0
know feel stem part accept mainstream importantli commun seek belonging,joy,2.0
realli like special edit realli feel special song,joy,3.0
feel must blog constantli loyal fan baker thia sandwich scruncher cours mini rex,love,5.0
im current feel way fuck mother tongu paper,anger,1.0
feel innoc love,joy,1.0
feel like sweet carbi yet low glycem meal breakfast often dessert,joy,1.0
feel safe encod utf local en ispriv fals ismobil fals mobileclass isprivateblog fals languagedirect ltr feedlink link rel altern type applic atom xml titl could use stand ovat could,joy,1.0
realli lose lot nest homemak instinct desir pregnant longer im pregnant wors get though get month repriev feel creativ around six month mark youll notic post halloween,joy,15.0
feel opportun return moz god graciou graciou way give heat desir despit self doubt uncertainti past,joy,1.0
feel realli lucki found resourc alway felt answer need ask,joy,1.0
keep run hill fit wise feel fine along foot calv start hurt also begin tire,joy,5.0
alway sensit everi sens feel like assault drag away dark,fear,7.0
suppos ought feel thank ad sarcast edg age,joy,3.0
couldnt help feel total distraught utterli helpless lorena kidnap tortur almost death band enemi desper freedom,fear,5.0
feel unfortun mister magnum sound cheer travel well long period race,sadness,2.0
feel tortur tragic enough without import sparkl,anger,2.0
feel selfish think way feel lone time,anger,2.0
feel drain energi,sadness,2.0
think day chat mom amp also feel horni masturb,love,8.0
feel pretti stinkin shitti horribl review,sadness,4.0
feel helpless,sadness,
feel aw sunday,sadness,2.0
dont know start feel weird pressur larg silent audienc fals inflat sens import express ever articul opinion said audienc,surprise,
woke nap feel extrem agit grumpi,fear,2.0
ive studi realli hard discov pretti word never cross mind portray exact mean feel like ive miss lot,sadness,1.0
feel lone work im social bird usual school,sadness,2.0
love comment feel free post one,joy,2.0
feel intimid great women famili tree,fear,2.0
truli feel lot posit thing help condit worker famili kid,joy,3.0
think may reason would want fli back uae oblivi conflict plagu conflict feel helpless resolv,sadness,15.0
saw video cena kiss maria surprisingli didnt feel like hate,sadness,7.0
feel like rather unkind,anger,4.0
feel submiss,sadness,2.0
feel bit obnoxi defin weather,anger,3.0
say press torso siwon bring face close enough feel siwon agit breath,anger,1.0
indiffer tell feel word treasur ever sinc feel start bloom one moment want keep,love,5.0
feel he casual entir futur,joy,1.0
still feel strong miss coupl lift,joy,2.0
sat couch sever hour feel pretti low,sadness,7.0
check long time ago say happi way back feel content everyon everyth around,joy,6.0
write someth big happen like fun trip mileston time write tell im feel sweet babi snuggl grow person,joy,1.0
hate expect must need man life feel worthwhil valu,joy,8.0
feel love kind allow us think feel consciou interact variou thing bodi mind,love,2.0
feel complet bless part group,love,4.0
im type doesnt use moistur skin oili product design contain ton moistur ingredi make skin feel love without oil,love,17.0
im afraid im environ make feel relax caus,joy,
feel overwhelm want physic shake everyth way would spider shirt,surprise,5.0
say littl piec feel agit watch discuss race style color font famili georgia serif font size px line height,fear,5.0
feel cant touch said love bit much wont deni broke heart cant find crush dont come back home,sadness,3.0
feel littl frustrat ach long settl heart weari life slip around shoulder like unwelcom friend,anger,3.0
even rememb tri last year feel crappi nowher near close,sadness,1.0
broke uncl radio player accident fear go cut go hous well play,fear,6.0
feel conflict whether follow christ celebr ever popular pagan origin modern day holiday,joy,1.0
feel impati took pill,anger,2.0
feel carefre weightless yet worri ground time,joy,1.0
feel sincer repent past opposit civil right,joy,1.0
one point put son daycar mom constantli made feel like terribl parent,sadness,11.0
thing list feel super guilti relax,joy,4.0
feel uncertain motiv feel inbal committ process counsel reconcili,fear,2.0
feel like realli valuabl,joy,1.0
feel like go emot angri,anger,5.0
ive much train grammar languag read someth written like kind feel like im assault,sadness,1.0
feel insult everyon compar sneha,anger,2.0
still wake everi morn feel bless unabl believ im lucki enough abl call amaz famili mine life,joy,2.0
feel leader countri depict peopl countri love god hope one thought way support like georg w,love,10.0
feel realli horni afternoon one fulfil sexual desir bed creativ thought help forget handss aahhh work like magic,love,3.0
know scone must food determin live frugal lifestyl without feel depriv,sadness,1.0
giggl nervous feel threaten,fear,2.0
feel horribl helpless make thing better feel like kill insid,sadness,2.0
take pictur hous feel far messi post photo onlin ill clean bit post,sadness,6.0
feel hate loath,sadness,
pick feel littl apprehens,fear,3.0
ive feel numb,sadness,1.0
im feel everi bit spite vindict bitch time,anger,1.0
got feel look eye sincer,joy,5.0
feel assur mind one,joy,1.0
feel unfortun dont soundtrack,sadness,2.0
believ feel nervou father reassur noth nervou make nervou,fear,3.0
feel uptight day complet he around feel right littl nerv dream date thing pursu wed alway dream mine day min,fear,2.0
think would come fast would come suppos feel cranki today,anger,2.0
feel im go stubborn,anger,4.0
feel lone lost,sadness,2.0
would feel empti,sadness,3.0
start feel agit lack patienc right cranki,anger,3.0
know easi twist thing creat explan im still sure one help feel littl less mad,anger,3.0
feel rich yup know bless,joy,1.0
didnt tell didnt want feel afraid,fear,6.0
love media coverag sometim feel put ugli pictur,sadness,7.0
feel though littl neglect fellow blogger,sadness,5.0
sort hate glass make eye look small sinc huge eye go quit upset im hope bigger frame make feel less paranoid,fear,15.0
cant believ moment feel use im wash dish,joy,5.0
feel distress music mind rewrit fma op,fear,2.0
im feel quit lone monday half term,sadness,4.0
feel realli social awkward dont like get meet new peopl thing group adventur,sadness,3.0
admir athletic feel like would entertain got watch sever shape peopl particip olymp event,joy,6.0
feel horribl feel horribl made wors fact havent gotten workout,sadness,2.0
would hate bit imagin secretari feel irrit day eh,anger,1.0
feel im unhappi,sadness,3.0
feel like take time care flower wonder loyal hive,love,6.0
rememb feel amaz,surprise,3.0
know never see place would break heart thick layer moss encas thick shell muffl sharper feel pleasant pain,joy,17.0
nameless mid bottom law school graduat find margin attach awash sea overeduc underpaid indentur peer feel dupe promis better life debt modern chemistri,joy,2.0
truli feel contribut blog world especi regard educ writer valuabl,joy,3.0
feel like would clever get ton thing time,joy,1.0
know she right feel energet awak patient happi im run daili still feel littl bad believ breast milk much better babi formula,joy,4.0
quickli trot ad feel embarrass ask hope would enter kind convers,sadness,5.0
hate got drunk whole next day spent sleep feel groggi,sadness,3.0
love discuss class feel passion feminist issu go write feel though fake,love,1.0
would want welcom home end feel mommyhood threaten inabl breastfe babi,fear,8.0
feel agit result pleasant opposit calm peac,anger,5.0
feel honor student come class,joy,1.0
often tell want attent especi feel horni want good sex hour,love,7.0
get anxiou feel feel xox soon itll real thing alreadi need flawless,joy,1.0
feel rich bless joy,joy,1.0
horribl anxieti dream everi night last week made feel realli paranoid cours read conspiraci theori unsolv crime onlin didnt huge help matter,fear,11.0
truli feel somehow enough hate get mad,anger,1.0
rememb feel uncertain young especi becam teenag,fear,3.0
feel cant get far enough away feed melancholi long enough would wither die,sadness,3.0
want enter defianc come differ cultur feel offend allow,anger,8.0
feel rebelli ate,anger,2.0
feel agit restless edg quit often,anger,4.0
feel uncomfort use word awesom idea actual,fear,2.0
im feel rather pleas tonight,joy,2.0
feel like lead gentl kind,love,4.0
feel like activ hate everi singl second rather born,anger,6.0
im feel indecis scare,fear,4.0
feel violent tug eye socket,anger,2.0
feel carefre nowwwwww,joy,1.0
believ display deep emot yearn semblanc normal peac sinc appear danc arab feel threaten fulli arm soldier,fear,14.0
left feel discourag hopeless,sadness,1.0
feel go get messi get fix back road,sadness,4.0
feel frustrat easier day rememb bless research learn trial error hard success patienc give far better garden long run,anger,2.0
sick cold amp feel well wonder would even abl patienc go whitley month photo shoot,joy,5.0
tempt feel littl bitter saw,anger,4.0
feel kind insecur anyway back doha,fear,3.0
grate longer feel frantic urg fix emot upset around,fear,1.0
feel strang brew,surprise,3.0
feel quit strongli student punish due well badli fair compar complet unrel group peopl,sadness,5.0
want job perman feel like valu,joy,1.0
care someon emot spiritu intellectu progress point feel like exert progress import love,joy,5.0
actual feel comfort speak other japanes feel pretti happi current progress,joy,2.0
learn differ thing like famili plan arrang even real pain feel love one pass,love,4.0
feel least date would vain,sadness,5.0
like keep record life written form pictur feel like even import babi,joy,3.0
feel unhappi miser wretch glum gloomi forelorn heartbroken,sadness,2.0
realli feel horribl irrit littl bit depress,anger,1.0
feel honour part seri join wonder talent ladi celebr womanhood,joy,1.0
feel confid team right four hour ago,joy,1.0
simpli said sorri got car got hous feel restless,fear,1.0
ive feel bit paranoid like realli notic im everyon see,fear,3.0
feel fabul bird weekend everyon,joy,1.0
bu stop hear squeak baachan trolley feel littl paranoid,fear,9.0
im feel rush like plan certain thing summer longer,anger,1.0
feel cold breez,anger,2.0
tri breath feel frustrat breath calm desir,anger,1.0
feel languag warn pretti benign open suggest improv,joy,1.0
knew thing head didnt realli prepar heartbreak even would feel heart broke daniel militari wive go thru lose husband tri protect countri,sadness,12.0
suddenli feel lot smarter talent last night,joy,4.0
get actual feel like everyon buy smell amaz,joy,1.0
feel though cant bear motion quilt even though idea delight day ago,joy,1.0
feel heartless feel bore believ love anymor,anger,2.0
end shoeless make feel even vulner slow,fear,6.0
highli critic denni covington book articl must admit say someth merit discuss note close chapter feel god danger busi,anger,2.0
refer cours though cant help feel somehow iron retrospect loudon son kate mcgarrigl rather talent rufu wainwright,joy,
feel lone day birthday,sadness,2.0
feel like captur sweet look,joy,1.0
envis intend im feel unsur whether got vision intent right,fear,5.0
feel like need cute pictur share,joy,1.0
feel low,sadness,2.0
feel realli angri sometim love god havent enough,anger,3.0
feel sorri rafael bosch,sadness,2.0
hope certain peopl attend import thing live still come back blog feel miss blog,sadness,13.0
feel comfort stay hous feel relentless im ask someth tire almost time bore without money,joy,1.0
guess im feel gener today decid offer fabul deal popular print moment,joy,3.0
begin feel unpleas anim fandom gener,sadness,
feel tender disori,love,2.0
feel realli carefre today realli carefre,joy,1.0
feel miser sick hope amount sleep get havent much choic zero energi cold med vitamin lot fluid high hope feel better tomorrow,sadness,2.0
im feel cranki horribl,anger,1.0
im comfort relationship wont feel slutti one person amount would singl,love,6.0
feel troubl ongo reloc front door,sadness,2.0
ask make feel fabul said healthi famili healthi live free countri,joy,4.0
woke feel incred content amp optimist today howev woke terribl cold complet lack energi,joy,1.0
im feel combin terrifi reliev,fear,4.0
realli feel wrong patient,anger,1.0
feel gulam ali even talent mani classic singer,joy,1.0
go guy someon want genuin guy would treat right spend qualiti time make feel special,joy,1.0
think feel passion favorit workout gear love see peopl love need live without hope share favorit comment,love,6.0
feel strang start sale,surprise,4.0
alway notic even though fabul hide accord rest world feel keenli greatli distress,fear,13.0
feel shaken guilti better mother shield offspr health problem,fear,2.0
feel like greedi littl traitor look look among cover hey littl snotfac take,anger,3.0
feel like rude ass hole hookah,anger,3.0
feel belov reciproc,love,2.0
feel heartbroken bryan,sadness,2.0
feel like fake everyth,sadness,3.0
would feel differ believ leader perfectli truth,joy,2.0
cant help feel long outsid feel rain skin sticki tree drop feet,love,4.0
made feel like fault control husband violent behavior even believ exist,anger,7.0
feel like import reveal lesson youv learn tough time along one youv learn awesom time endeavor build audienc honesti authent,joy,1.0
feel disgust need act cute like action gwiyomi,anger,2.0
said feel incred thank whole,joy,1.0
feel inspir eager press sun shine,joy,1.0
im hope walk thigh feel friendli today,joy,2.0
feel nervou sure like anyon els would posit,fear,2.0
older might feel frighten spend time left alon,fear,4.0
must say feel accept someth poison chalic,love,3.0
im introvert mean get energ alon prefer quiet place time crew galley lot peopl rel small place talk leav feel drain need dark room noth whale nois,sadness,6.0
im feel gener ill give stori well,love,
find scent pretti gener actual feel like bath amp bodywork didnt invest much time collect like creat sweet pari decid throw togeth two predict scent,joy,2.0
like person becom feel much carefre liber time dont recogn,joy,7.0
feel numb right thought feel angri dont know dont feel anyth sad happi angri dont know feel anymor,sadness,2.0
feel discont life day,sadness,2.0
im start buy whole everyth happen reason bit god plan b c feel god love there way would tortur women like weve tortur deal w fertil issu,anger,1.0
feel truli impati take long,anger,3.0
want say want feel come bitter angri,anger,7.0
know feel like face irat custom,anger,5.0
alway peopl life gone way put trip make feel complet moron worthi enough,sadness,1.0
im feel fine,joy,2.0
prep anoth sleepless night help feel asham feel way,sadness,7.0
im feel quit pleas week,joy,2.0
still feel shaki worst hit area damag destruct complet,fear,3.0
throw ocean feel would miss someth career win oscar,sadness,1.0
feel privileg narrat erik princ autobiographi civilian warrior insid stori blackwat unsung hero war terror releas monday nov th,joy,1.0
im use feel depend needi needi least wasnt prior recent,sadness,2.0
feel hope look forward,joy,1.0
feel mccarthi place yet career realli consist human charact balanc fact suppos funni,surprise,13.0
feel uncertain uneasi,fear,2.0
feel comfort around,joy,1.0
feel privileg opportun part,joy,1.0
feel nervou go back america know expect transit like,fear,2.0
start feel kind skeptic,fear,4.0
love littl boy sometim feel inadequ parent,sadness,6.0
keep thing predominantli fix function arrang right creat style appli twelv month previou ingredi feel much pervers usual,sadness,4.0
havent work today feel like im go feel ive stress work life week bad,anger,1.0
feel sad discourag,sadness,2.0
thought well respect recogn mother autist boy would perfect guest blogger messag feel passion,love,12.0
ive cours cycl happi feel mellow feel realli depress mellow back begin,joy,6.0
im feel amaz california ness moment current sit pool drink wine spritzer nagalen connect via googl wifi use stellarium figur star,surprise,3.0
probabl go back washington perman babi least although torn whether want ye bleu know feel still complet convinc,joy,10.0
also feel strang sens guilt peopl arent similarli situat move differ neighborhood,surprise,3.0
feel hell casual favorit blue red heavi color casual tabl otherwis could see tournament deck red popular possibl blue step place one zendikar block rotat,joy,1.0
im feel agit pour brandi coffe,fear,3.0
feel way consid peopl pretend way sincer,joy,1.0
feel give even period feel detail sharp certainli good enough read cover cover,joy,1.0
feel like reach plateau im buy much use feel satisfi wardrob person style,joy,1.0
learn hard way three hour feel like month friendli peopl stop talk,joy,1.0
feel like amaz degre biolog blown away,surprise,3.0
feel hear vibrat gentl doesnt bother,love,4.0
feel unhappi incomplet,sadness,2.0
pretti certain use name middl name girl special feel connect poppi love,love,10.0
feel someth wonder go happen,joy,1.0
feel reject unwant,sadness,2.0
im get sinc feel accept mark beast shot thought go kill scream loud didnt want die,joy,2.0
tri let ignor get energi feel import sometim ill engag littl light debat tri broaden view world,joy,7.0
im feel lousi may dismiss gorgeou day im feel bright cheer dreari day becom toler,sadness,3.0
go assum moral oblig find way make sure feel pretti damn rich everi day,joy,1.0
thought would sweetli cover realli feel say someth pleasant bad thing done whatev,joy,9.0
iron feel dont feel anyth special still smile broadli whenev tell someth,joy,1.0
realli like good moral nice respect like feel like still belong brad couldnt pictur eric he innoc,joy,3.0
sens wat let feel unsur,fear,3.0
feel apprehens futur moment,fear,3.0
extrem good friend someon cours feel reluct extent favour someon,fear,7.0
sleep room woke middl night think could hear nois see shadow move felt someon hous,fear,2.0
sometim feel resent come live time,anger,1.0
began feel amor toward everyon stage toward peopl around experienc moment,love,3.0
sometim feel dishearten realis far cultur,sadness,3.0
im overwhelm feel bless pray fear last time say happi birthday,joy,3.0
feel popular also littl pressur keep exactli need,joy,1.0
feel hopeless control,sadness,2.0
feel horribl cancel one best guy friend trip stress babysit hour got cut afford,sadness,2.0
climb mountain made way villag peopl stare children look frighten ran away everyon came across ask way make feel unwelcom,sadness,6.0
dont feel inhibit work problem,sadness,2.0
took chanc kept cri hope might feel benevol,joy,8.0
done hope inspir time look solac peopl rather god proof mayb someth good feel horribl,sadness,15.0
im feel melancholi back school stuff today,sadness,3.0
begin doubt stomach clench heart race feel fear,fear,2.0
like ro intimid anna wealth anna feel guilt superior wealth enjoy,joy,9.0
feel like realli cranki school day,anger,4.0
watch gather littl block tuck belli like littl red hen coo cuddl soft babi doll look interest babi help feel thrill firstborn,joy,21.0
feel like tri stay faith possibl perceiv real event happen mountain,joy,1.0
walia feel suspici tarun bani,fear,3.0
feel like hostil toward other fail nice,anger,3.0
feel glad littl blog share danger see path ahead,joy,1.0
wake feel cranki sort,anger,3.0
say feel like im tortur,anger,1.0
cant help look back child feel rather jealou also delight live time nine year old child part world read thousand book year wish abl,anger,1.0
im feel bit cranki today,anger,1.0
even dare say biggest stiller vaughn hater still could get enjoy movi feel annoy perform charact,anger,12.0
make punjabi lobia masala mostli winter feel protein punch spice rich recip winter warmer one,joy,1.0
truli terrifi still feel shaken uneasi,fear,2.0
begin feel burden thing amp long empti,sadness,3.0
write space feel quit nostalg mind race back good old day use daili park learn memori,love,3.0
feel numb f,sadness,2.0
sit tonight pensiv tens feel littl fear,fear,2.0
want someon know know thought feel want keep loyal faith reader,love,9.0
feel joy anticip divin right,joy,1.0
feel overwhelm ask bqff keep hous theyr readi load dont feel behind,surprise,7.0
feel thrill abl investig person mytholog around subject,joy,1.0
feel creativ right make happi,joy,1.0
could wear casual shop trip feel fabul without even tri,joy,3.0
want other happi mean step back yet feel like allow happi deserv even deserv,joy,1.0
limit reason without caus greater injuri sort physic exercis start feel horribl,sadness,1.0
would alway feel amaz impact year old subject,surprise,4.0
feel lucki live portland land delici food,joy,1.0
feel pretti cranki morn stop realli made feel lot better,anger,3.0
didnt feel cold fire everi night,anger,1.0
im also feel cranki main charact scientist brother observ moon mention zero graviti,anger,1.0
folk im feel sociabl,joy,3.0
feel divin forc strongli sometim wonder agnost atheist judeo christian fundamentalist feel excit heart,joy,1.0
start feel discourag thought one day,sadness,3.0
feel like mayb go stop love mayb true im terribl wife,love,3.0
im alreadi feel sentiment time newborn wee sadli outgrown fave thrift outfit,sadness,4.0
feel like ive innoc version one night stand,joy,1.0
finish type post realis ok longer feel annoy angri even sad,anger,1.0
refus rate book publish feel snobbish take say jeanett winterson cannot write essenti wish anyth scope explor,anger,1.0
feel petti even though thought arent real flesh thought flutter feel like kind thought,anger,2.0
felt sad apprehens angri vertigo left feel uncertain,fear,1.0
feel like ive got handl trust instinct,joy,1.0
feel complac start think smart,joy,1.0
admit defeat ask half come back lake coz feel uptight alreadi,fear,10.0
feel journalist blame,sadness,3.0
miss month combin class pretti much bed ridden month semest feel realli amaz abl pass,surprise,12.0
put leg around wrap arm feel safe,joy,1.0
feel loyal luci,love,2.0
feel like im pretti enough like person bore obnoxi,sadness,8.0
reliev excit feel confid,joy,1.0
im proud craft someth peopl care even enough click make feel wonder,joy,2.0
switch song one begin make feel littl melancholi fuck need,sadness,8.0
feel embarrass talk time feel small moment like favor deserv given attent,sadness,2.0
sound entitl cant help feel disappoint even though alreadi knew go,sadness,1.0
rememb feel husband felt would see peopl rude mom mom sweet self,anger,2.0
feel clever,joy,1.0
feel remors breakfast took diet pill,sadness,3.0
feel though concept lifestyl chang rather weight loss beaten death realli someth believ current experienc,sadness,6.0
know next step longer feel lost,sadness,1.0
feel aw,sadness,2.0
believ imagin would like act live front audienc make feel joy,joy,11.0
thought mayb hand feel funni touch hair total clean forearm becam sticki,surprise,5.0
hate moment complet feel perfect peopl around love suddenli disappear,joy,4.0
rememb feel littl jealou realiz time togeth wasnt sole larger network social interact readi progress got,anger,2.0
im known feel affection toward ador leonard cohen make like quit lot,love,
feel realli tranquil right,joy,1.0
feel impati yet fulli sure search,anger,2.0
tear feel unlov even though know,sadness,2.0
feel like everyth ive noth sincer bother want hurt even told,joy,1.0
feel like much write got distract home wednesday even challeng therefor lost train thought,anger,6.0
start feel littl stress,sadness,3.0
admit feel bit intimid challeng,fear,2.0
think feel vulner due stress buy new sew machin printer,fear,3.0
feel asham read yet,sadness,2.0
hear teenag girl devast pimpl face morn prom feel devast,sadness,1.0
woke beauti sunday morn feel restless miser,fear,6.0
feel unwelcom work sometim think peopl might talk rel bookmark feel unwelcom work sometim think peopl might talk april class url fn n href http www,sadness,2.0
dont need wear mask moment show feel belov without missgiv,love,4.0
turn head away even feel frighten,fear,5.0
feel like go supermarket buy someth total delici dinner money mother put account today,joy,1.0
feel fine e terminando com eight day week um ano depoi,joy,1.0
feel uncertain project,fear,2.0
feel vital full energi everi day super posit,joy,1.0
feel complet dissatisfi whole world human charact inconsist,anger,3.0
mean would feel euan got haul murder knew innoc,joy,3.0
experi lot experi mention sadli made realiz women feel career path somehow go determin partner support children ther co worker etc,joy,5.0
knew high school pretti fuckin chill say girl feel insult threaten blog wrote would like apolog offend sorri,anger,1.0
feel talent impact thing end moment,joy,1.0
find feel happi feel good,joy,3.0
feel bit nostalg wonder passion write blog time week gone,love,3.0
im feel particularli danger chocol cooki,anger,1.0
im feel ok alway hand sit close,joy,2.0
im feel quit mellow spite rage pm past day mean im like erupt littl warn,joy,2.0
feel like innoc victim feel win,joy,1.0
actual thought would feel bother sinc ehb woman ow spent quit bit time togeth didnt feel much anyth,anger,1.0
feel sincer want resolv grievanc,joy,1.0
also attir regular moistur oil base primer yet point along skin color feel look tender great time day someth that normal attain,love,10.0
feel apprehens ride ahead,fear,
feel bother,anger,2.0
feel hint belov art nouveau era bracelet,love,3.0
mostli take stair occasion feel particularli letharg number consecut late night bow eas conveni,sadness,3.0
feel insecur unsaf,fear,2.0
feel sort pathet say iphon internet tv must have let honest,sadness,2.0
guess understand concern help feel littl reject,sadness,2.0
lace shoe pound feel hot black pavement,love,5.0
male stupid first woman cri babi get feel realli cool put stupid men place,joy,1.0
think favorit activ child often tell someon feel littl unsur life direct go back childhood favorit past time hold mani rich clue,fear,10.0
took son join elihu christmastim insid fine home love mill work darkli lit larg state christma tree live room feel gentl one long lost friend meet first time adult peopl,love,21.0
pray everyday feel convinc god call see,joy,4.0
love everyth learn feel realli passion design,joy,4.0
feel brain damag get worst di moment,sadness,2.0
im feel terribl adventur plu famili visit cant complet neglect mean go busi usual,joy,2.0
funer friend kill car accid age,sadness,5.0
feel fear near,fear,2.0
wonder feel ecstat,joy,1.0
peopl realli dont mani proplem talk feel said love bitch last month vain,sadness,1.0
think write realli express intens emot one would feel lose belov spous,love,11.0
cant imagin agoni folk feel wait news sentiment thing,sadness,8.0
feel make even care,love,4.0
feel messi,sadness,2.0
feel letharg uninspir next morn go,sadness,2.0
feel insult,anger,2.0
feel need littl romant boost relationship,love,4.0
close friend intim bodili relationship girlfriend start avoid didnt want talk,anger,1.0
use elev lexicon feel intellig,joy,1.0
feel wrong world,anger,2.0
feel letharg lazi complet uncompos dress someth like,sadness,2.0
feel director editor miss teachabl moment tiphani make comment nice feel like everyon els,sadness,4.0
write anyth feel passion least genuin interest,joy,1.0
work hard shake feel popular genr novel non literari fiction make book less legitim less someth read enjoy analyz,joy,5.0
feel agit empti miss someth,anger,3.0
realiz ignor better heartbreak feel helpless,sadness,2.0
still feel littl daze high alarm sinc hour,surprise,4.0
would feel joy,joy,2.0
feel like feed food touch love care compass,love,6.0
feel terribl ignor sweet email,sadness,2.0
feel deepli offend big hurt feel fact,anger,3.0
feel overwhelm rush,fear,2.0
feel romant final finish blog post,love,2.0
kinda steal joshua custom feel amus,joy,
feel thrill presenc eye feel belief peac sincer,joy,1.0
dontknow never feel way anyon els realli cant without linu love never thought could ever love anyon went fuck relationship,anger,1.0
feel success make sens,joy,1.0
im feel low forgotten,sadness,3.0
feel like life practic perfect everi way right everi happi,joy,1.0
feel like suffer produc someth worthwhil,joy,1.0
feel creativ see altern version,joy,1.0
feel bit nostalg today,love,3.0
feel like show chang mani countri taken mani countri way make decis includ support increas women area life,joy,1.0
feel like dirti trash bin street nobodi realli sought,sadness,3.0
make new friend process dont feel slutti lol,love,7.0
feel bit reluct turn peopl,fear,3.0
wake feel absolut worthless,sadness,4.0
feel like look gorgeou curl instead make full transit end get extrem natur red lowlight bottom section hair,joy,1.0
feel gonna start ach raini season come next year,sadness,2.0
glad know reason recent laps saniti still feel like want go violent rampag slightest inconveni,anger,12.0
one sit stare blank comput screen scratch head time drink coupl pot coffe feel triumphant write first sentenc first sentenc usual consist poop joke,joy,3.0
feel high ecstat normal feel like thousand mile drop unhappi excruci,joy,1.0
read one horrif sit made feel asham world live,sadness,7.0
could feel sweet spirit happi help,joy,2.0
realli love eat fresh fig feel delic look much prettier ugli dri fig,love,2.0
id feel better,joy,1.0
watch hgtv feel like im talent,joy,3.0
never feel brave want believ order brave make consciou choic whether want brave,joy,3.0
feel like offend question,anger,3.0
probabl love hand friend alway feel bit strang describ love,fear,8.0
feel hate want ignor,sadness,4.0
express gene domin voic feel rather wonder realli writer poet carefre crazi,joy,9.0
wonder jealou feel discont covetousn,sadness,4.0
feel low late feel hopeless disturb make tire sick entir live kind life,sadness,2.0
put hand scar cover chest feel half heart beat oh beat feel sweet rhythm remind alon,love,13.0
guess im feel littl rebelli,anger,1.0
feel resolv yet somehow depress,joy,1.0
feel tender,love,2.0
im feel littl stress alreadi,sadness,3.0
feel like accept favourit yet nowher see terpen respons flavour,joy,1.0
feel bit strang never felt ever realli stop write blog,fear,5.0
href http feel groggi,sadness,4.0
ive gain wieght realli would like lose pound feel like ive final gotten accept happi place,joy,11.0
feel book explain thing well easi use,joy,1.0
feel resign brought docil,sadness,2.0
still feel alon cant give anyth call feel breath keep awak feel beat,sadness,3.0
feel love presenc parent daili even though physic dead almost two decad,love,2.0
feel pretti jolli,joy,1.0
read case son ignor old helpless parent feel unhappi sad,sadness,4.0
feel humili bodi husband make advanc toward remind despit ra tri take life still find sexual attract beauti,sadness,2.0
feel kind alon helpless,sadness,2.0
feel total ignor exclud,sadness,3.0
im feel serious piss someth fantabul utterli stupid,anger,1.0
wish could say hey know die tomorrow wouldnt feel cheat life regret didnt accomplish someth,sadness,4.0
could look act like know lie feel smug know ness frankli way lazi,joy,2.0
go home feel empti,sadness,3.0
someth tell girl final feel brave enough share news,joy,1.0
feel defeat like lion prey,sadness,2.0
like like feel like,love,2.0
excit hope person us wont feel like rush,anger,3.0
surround bibl vers help transcend space feel safe secur,joy,1.0
know feel awkwardli hesit return melbourn,fear,4.0
feel littl less gloomi littl optimist littl better prepar face life throw way,sadness,2.0
wont lie im littl worri nervou feel inadequ job ill best that heavenli father want,sadness,8.0
slough carapac crud envelop past thirti odd hour feel invigor final readi face day,joy,4.0
ive busi girl good type busi im feel realli happi thing right love new start glasgow,joy,2.0
mother kept leadingstr,anger,2.0
set mind want specif item need specif event specif time find ill end spend want feel pressur constraint,fear,17.0
written prayer journal morn medit great lord psalm written close may feel tender care today,love,13.0
depress actual feel inspir,joy,4.0
feel like enough peopl age actual think pretti devast come gone,sadness,9.0
get home laze around pajama feel grouchi,anger,2.0
feel pretti homesick weekend,sadness,3.0
start feel realli optimist driven paper coz gonna teach mean way leader,joy,1.0
